,time_1,accuracy_1,precision_1,recall_1,f1score_1,model_1,accuracy_mean,accuracy_std,precision_mean,precision_std,recall_mean,recall_std,f1score_mean,f1score_std
eye_movements,12012.0,0.38405267008046823,0.38594630313352607,0.3840526700804682,0.3842831676331424,"best classifier: weka.classifiers.rules.OneR
arguments: [-B, 1]",0.38405267008046823,0.0,0.38594630313352607,0.0,0.3840526700804682,0.0,0.3842831676331424,0.0
ipums_la_99-small,13974.0,0.8504398826979472,0.7232479940832982,0.8504398826979472,0.7817038541439134,"best classifier: weka.classifiers.functions.MultilayerPerceptron
arguments: [-L, 0.4429204725707817, -M, 0.9839364385691872, -B, -H, i, -C, -D, -S, 1]",0.8504398826979472,0.0,0.7232479940832982,0.0,0.8504398826979472,0.0,0.7817038541439134,0.0
